year,income
2020,41288.69409441762
2030,49573.34484664467
1998,23062.462439517956
2005,28861.717966076918
5000,2510114.6182580944
